{"stats":{"minecraft:killed":{"minecraft:bat":10,"minecraft:wandering_trader":1,"minecraft:horse":2,"minecraft:trader_llama":2},"minecraft:picked_up":{"mowziesmobs:umvuthana_mask_fury":2,"minecraft:wheat":7,"minecraft:feather":3,"minecraft:sandstone_slab":1,"minecraft:dark_oak_button":23,"minecraft:iron_door":1,"minecraft:leather":4,"minecraft:brown_wool":5,"minecraft:lead":2,"minecraft:birch_button":14,"minecraft:mushroom_stew":2,"minecraft:paper":39,"minecraft:lantern":39,"mowziesmobs:sculptor_staff":3,"minecraft:item_frame":1,"minecraft:cooked_mutton":1,"minecraft:bone":3,"minecraft:apple":35,"mowziesmobs:sand_rake":8,"minecraft:gold_nugget":1,"minecraft:cobweb":16,"minecraft:dark_oak_sign":6,"minecraft:tall_grass":4,"minecraft:bamboo":126,"minecraft:book":83,"minecraft:dark_oak_door":7,"minecraft:stone":127,"minecraft:cooked_porkchop":46,"mowziesmobs:geomancer_belt":1,"minecraft:torch":5,"minecraft:amethyst_shard":2,"minecraft:stone_button":7,"minecraft:red_banner":37,"minecraft:diorite":86,"minecraft:grass_block":1,"minecraft:loom":1,"minecraft:dark_oak_fence_gate":1,"minecraft:shulker_box":1,"mowziesmobs:umvuthana_mask_faith":1,"minecraft:tnt":57,"minecraft:soul_lantern":1,"minecraft:lever":1,"minecraft:grass":2,"minecraft:emerald":3,"minecraft:black_wool":6,"minecraft:white_wool":9},"minecraft:dropped":{"minecraft:loom":1,"minecraft:sandstone_slab":1,"minecraft:leather":2,"minecraft:dark_oak_fence_gate":1,"minecraft:grass_block":1},"minecraft:used":{"minecraft:cobbled_deepslate_wall":44,"minecraft:calcite":336,"minecraft:deepslate_brick_wall":46,"minecraft:oak_fence":10,"minecraft:emerald_ore":1,"minecraft:chiseled_bookshelf":22,"minecraft:dark_oak_stairs":261,"minecraft:netherite_sword":17,"minecraft:diorite":32,"minecraft:jigsaw":326,"minecraft:red_sand":1,"minecraft:amethyst_block":26,"mowziesmobs:sculptor_spawn_egg":15,"minecraft:polished_deepslate":22,"minecraft:flint_and_steel":12,"minecraft:birch_planks":106,"minecraft:stripped_birch_log":81,"minecraft:armor_stand":4,"minecraft:dispenser":2,"minecraft:acacia_trapdoor":83,"minecraft:polished_andesite":39,"minecraft:andesite_slab":2,"minecraft:chest":46,"minecraft:stone":1,"minecraft:structure_void":1537,"mowziesmobs:gong":1,"minecraft:cobblestone_slab":3,"minecraft:structure_block":332,"minecraft:waxed_weathered_cut_copper_stairs":24,"minecraft:white_wool":2,"minecraft:dark_oak_trapdoor":409,"minecraft:dirt":293,"minecraft:purpur_stairs":13,"minecraft:brewing_stand":1,"minecraft:sand":111,"minecraft:stripped_dark_oak_log":347,"minecraft:yellow_terracotta":86,"minecraft:loom":6,"minecraft:crimson_trapdoor":6,"mowziesmobs:thatch_block":24,"minecraft:yellow_concrete":1,"minecraft:deepslate_redstone_ore":2,"minecraft:sponge":4,"minecraft:dark_oak_fence_gate":93,"minecraft:jungle_trapdoor":26,"minecraft:cobbled_deepslate_stairs":124,"minecraft:warped_planks":1,"mowziesmobs:sand_rake":824,"minecraft:nether_brick_stairs":4,"minecraft:book":66,"minecraft:dark_oak_door":13,"minecraft:shroomlight":1,"minecraft:redstone_torch":1,"minecraft:birch_fence":141,"minecraft:andesite_wall":6,"minecraft:dark_oak_planks":286,"mowziesmobs:bluff_spawn_egg":1,"minecraft:acacia_stairs":2,"minecraft:lever":4,"minecraft:light":17,"minecraft:stripped_dark_oak_wood":2,"minecraft:bookshelf":95,"minecraft:birch_fence_gate":1,"minecraft:birch_slab":25,"minecraft:deepslate_iron_ore":2,"minecraft:lantern":40,"minecraft:grass_block":355,"minecraft:acacia_slab":32,"minecraft:stone_button":14,"minecraft:polished_andesite_stairs":31,"minecraft:spawner":2,"minecraft:spruce_trapdoor":4,"minecraft:red_terracotta":202,"minecraft:dark_oak_slab":740,"minecraft:oak_pressure_plate":2,"minecraft:deepslate":3,"minecraft:dark_oak_button":42,"minecraft:budding_amethyst":10,"minecraft:crimson_planks":4,"minecraft:barrel":14,"minecraft:smooth_basalt":50,"minecraft:yellow_wool":59,"minecraft:bedrock":20,"minecraft:item_frame":2,"minecraft:light_gray_wool":2,"minecraft:birch_button":9,"minecraft:birch_trapdoor":37,"minecraft:red_carpet":9,"minecraft:redstone_lamp":4,"minecraft:cobblestone":3,"minecraft:cobbled_deepslate_slab":20,"minecraft:acacia_pressure_plate":3,"minecraft:dark_oak_fence":247,"minecraft:andesite":5,"minecraft:andesite_stairs":4,"minecraft:bucket":13,"minecraft:red_banner":57,"minecraft:sandstone_slab":47,"minecraft:gold_block":84,"minecraft:trapped_chest":1,"minecraft:end_stone_brick_stairs":6,"minecraft:white_concrete":867,"minecraft:acacia_planks":24,"minecraft:cobbled_deepslate":573,"minecraft:candle":27,"minecraft:hanging_roots":46,"minecraft:birch_stairs":23,"minecraft:diorite_stairs":3},"minecraft:custom":{"minecraft:mob_kills":15,"minecraft:open_barrel":7,"minecraft:interact_with_loom":12,"minecraft:leave_game":295,"minecraft:time_since_death":2371577,"minecraft:time_since_rest":2371577,"minecraft:sprint_one_cm":78890,"minecraft:damage_taken":30,"minecraft:walk_one_cm":3343225,"minecraft:drop":6,"minecraft:damage_dealt":1200,"minecraft:fly_one_cm":19744089,"minecraft:open_chest":37,"minecraft:crouch_one_cm":104700,"minecraft:play_time":2371577,"minecraft:sneak_time":103187,"minecraft:walk_under_water_one_cm":169,"minecraft:interact_with_lectern":2,"minecraft:jump":3586,"minecraft:walk_on_water_one_cm":1585,"minecraft:total_world_time":5083660,"minecraft:fall_one_cm":1091}},"DataVersion":3465}