{"stat.chestOpened":4,"stat.walkOneCm":326557,"stat.trappedChestTriggered":7,"stat.useItem.minecraft.chest":17,"stat.pickup.minecraft.stone_pressure_plate":2,"stat.useItem.minecraft.stone":100,"stat.leaveGame":3,"stat.useItem.minecraft.log2":79,"stat.useItem.minecraft.bookshelf":5,"stat.useItem.minecraft.heavy_weighted_pressure_plate":4,"stat.useItem.minecraft.carpet":14,"stat.useItem.minecraft.stained_glass_pane":12,"stat.pickup.minecraft.stone_brick_stairs":1,"stat.jump":69,"stat.swimOneCm":570,"stat.useItem.minecraft.sea_lantern":11,"stat.useItem.minecraft.trapped_chest":23,"stat.useItem.minecraft.spruce_stairs":27,"stat.crouchOneCm":1272,"stat.useItem.minecraft.stained_hardened_clay":1,"stat.useItem.minecraft.dropper":13,"stat.pickup.minecraft.painting":5,"stat.useItem.minecraft.trapdoor":2,"stat.useItem.minecraft.leaves":6,"stat.sprintOneCm":32015,"achievement.exploreAllBiomes":{"value":0,"progress":["Plains"]},"stat.useItem.minecraft.birch_door":5,"stat.dropperInspected":5,"stat.useItem.minecraft.stone_slab":23,"stat.pickup.minecraft.heavy_weighted_pressure_plate":6,"achievement.openInventory":24,"stat.useItem.minecraft.egg":2,"stat.useItem.minecraft.iron_block":4,"stat.useItem.minecraft.stone_pressure_plate":4,"stat.useItem.minecraft.stone_brick_stairs":8,"stat.useItem.minecraft.furnace":1,"stat.useItem.minecraft.anvil":3,"stat.flyOneCm":209446,"stat.pickup.minecraft.egg":1,"stat.playOneMinute":50200,"stat.sneakTime":1030,"stat.useItem.minecraft.wool":2,"stat.timeSinceDeath":50200,"stat.useItem.minecraft.crafting_table":1,"stat.useItem.minecraft.jukebox":1,"stat.useItem.minecraft.wooden_slab":118,"stat.diveOneCm":202,"stat.useItem.minecraft.iron_door":2}