{"stats":{"minecraft:custom":{"minecraft:interact_with_furnace":4,"minecraft:inspect_dropper":2,"minecraft:interact_with_anvil":1,"minecraft:open_barrel":2,"minecraft:open_shulker_box":6,"minecraft:interact_with_loom":4,"minecraft:leave_game":7,"minecraft:time_since_death":712769,"minecraft:climb_one_cm":998,"minecraft:time_since_rest":712769,"minecraft:sprint_one_cm":95726,"minecraft:damage_taken":564,"minecraft:walk_one_cm":645428,"minecraft:drop":10,"minecraft:damage_dealt":341,"minecraft:fly_one_cm":6273902,"minecraft:player_kills":1,"minecraft:open_chest":6,"minecraft:crouch_one_cm":17683,"minecraft:play_time":712769,"minecraft:sneak_time":23691,"minecraft:jump":984,"minecraft:total_world_time":714132,"minecraft:fall_one_cm":4501},"minecraft:picked_up":{"minecraft:wooden_axe":2,"minecraft:ladder":1,"minecraft:andesite":1,"minecraft:jungle_trapdoor":2,"minecraft:lantern":10,"minecraft:item_frame":2,"minecraft:andesite_stairs":1,"minecraft:dark_oak_sign":1,"minecraft:redstone_torch":2,"minecraft:bamboo":34,"minecraft:tinted_glass":1,"minecraft:iron_sword":1,"minecraft:dark_oak_stairs":1,"minecraft:book":1,"minecraft:debug_stick":2,"minecraft:stone":1,"minecraft:poisonous_potato":1,"minecraft:stone_button":1,"minecraft:red_banner":3,"minecraft:grass_block":1,"minecraft:andesite_wall":1,"minecraft:sandstone_stairs":1,"minecraft:yellow_terracotta":1,"minecraft:birch_sign":5,"minecraft:rooted_dirt":1,"minecraft:andesite_slab":1},"minecraft:dropped":{"minecraft:tinted_glass":1,"minecraft:netherite_sword":1,"minecraft:sandstone_stairs":1,"minecraft:stripped_dark_oak_log":1,"minecraft:yellow_terracotta":1,"minecraft:rooted_dirt":1,"minecraft:jungle_trapdoor":2,"minecraft:grass_block":1,"minecraft:birch_sign":1},"minecraft:used":{"minecraft:calcite":28,"minecraft:deepslate_brick_wall":2,"minecraft:dark_oak_stairs":43,"minecraft:water_bucket":1,"minecraft:netherite_sword":2,"minecraft:diorite":30,"minecraft:red_sand":8,"minecraft:jigsaw":4,"minecraft:dirt_path":62,"minecraft:cobblestone_stairs":42,"minecraft:sandstone_stairs":447,"minecraft:polished_deepslate":6,"minecraft:dropper":1,"minecraft:smooth_quartz_slab":20,"minecraft:birch_planks":87,"minecraft:stripped_birch_log":14,"minecraft:acacia_trapdoor":28,"minecraft:dark_oak_sign":1,"minecraft:ladder":1,"minecraft:andesite_slab":64,"minecraft:silverfish_spawn_egg":66,"minecraft:chest":3,"minecraft:tinted_glass":4,"minecraft:mossy_stone_brick_stairs":4,"minecraft:sandstone":28,"minecraft:stone":13,"minecraft:cut_sandstone":31,"minecraft:sandstone_wall":3,"minecraft:structure_block":6,"minecraft:debug_stick":42,"minecraft:smooth_quartz_stairs":26,"minecraft:oak_leaves":1,"minecraft:white_wool":1,"minecraft:dark_oak_trapdoor":33,"minecraft:mossy_cobblestone":2,"minecraft:mangrove_trapdoor":1,"minecraft:dirt":71,"minecraft:sand":145,"minecraft:stripped_dark_oak_log":237,"minecraft:terracotta":6,"minecraft:yellow_terracotta":184,"minecraft:spruce_stairs":7,"minecraft:birch_sign":39,"minecraft:cobblestone_wall":78,"minecraft:deepslate_tile_slab":3,"minecraft:yellow_concrete":1,"minecraft:campfire":4,"minecraft:chiseled_quartz_block":1,"minecraft:dark_oak_fence_gate":24,"minecraft:stone_brick_wall":5,"minecraft:jungle_trapdoor":10,"minecraft:spruce_fence":13,"minecraft:andesite_wall":27,"minecraft:cobbled_deepslate_stairs":12,"minecraft:spruce_log":10,"minecraft:dark_oak_door":8,"minecraft:stripped_spruce_log":6,"minecraft:lightning_rod":1,"minecraft:birch_fence":68,"minecraft:polished_deepslate_stairs":3,"minecraft:redstone_torch":2,"minecraft:flower_pot":5,"minecraft:stone_brick_slab":42,"minecraft:dark_oak_planks":26,"minecraft:acacia_stairs":35,"minecraft:quartz_pillar":1,"minecraft:bookshelf":18,"minecraft:birch_fence_gate":40,"minecraft:birch_slab":141,"minecraft:lantern":19,"minecraft:grass_block":61,"minecraft:rooted_dirt":5,"minecraft:acacia_slab":54,"minecraft:string":7,"minecraft:cyan_carpet":17,"minecraft:stone_button":11,"minecraft:mossy_cobblestone_slab":3,"minecraft:red_terracotta":82,"minecraft:dark_oak_slab":159,"minecraft:spruce_trapdoor":25,"minecraft:smooth_quartz":22,"minecraft:polished_andesite_slab":5,"minecraft:dark_oak_button":6,"minecraft:diorite_wall":13,"minecraft:barrel":4,"minecraft:item_frame":16,"minecraft:stone_brick_stairs":7,"minecraft:stone_bricks":54,"minecraft:smooth_basalt":12,"minecraft:acacia_fence_gate":11,"minecraft:bamboo":26,"minecraft:tripwire_hook":1,"minecraft:birch_trapdoor":86,"minecraft:red_carpet":13,"minecraft:redstone_lamp":2,"minecraft:cobblestone":8,"minecraft:azalea_leaves":1,"minecraft:cobbled_deepslate_slab":28,"minecraft:yellow_glazed_terracotta":19,"minecraft:furnace":2,"minecraft:andesite_stairs":45,"minecraft:andesite":33,"minecraft:chain":2,"minecraft:acacia_fence":53,"minecraft:red_banner":67,"minecraft:gold_block":8,"minecraft:skeleton_skull":2,"minecraft:stone_pressure_plate":3,"minecraft:goat_spawn_egg":41,"minecraft:white_concrete":109,"minecraft:cobbled_deepslate":22,"minecraft:mossy_stone_brick_wall":2,"minecraft:candle":26,"minecraft:hanging_roots":3,"minecraft:birch_stairs":35,"minecraft:diorite_stairs":4,"minecraft:cobbled_deepslate_wall":6},"minecraft:killed":{"minecraft:player":1}},"DataVersion":3105}