{"stats":{"minecraft:picked_up":{"minecraft:scaffolding":2,"minecraft:torch":3},"minecraft:custom":{"minecraft:time_since_rest":69968,"minecraft:damage_taken":830,"minecraft:sprint_one_cm":5369,"minecraft:walk_one_cm":70987,"minecraft:inspect_hopper":1,"minecraft:interact_with_crafting_table":5,"minecraft:fly_one_cm":391297,"minecraft:open_chest":1,"minecraft:crouch_one_cm":4616,"minecraft:play_time":70278,"minecraft:deaths":2,"minecraft:sneak_time":3469,"minecraft:jump":63,"minecraft:leave_game":1,"minecraft:time_since_death":69904,"minecraft:total_world_time":70278,"minecraft:fall_one_cm":8799},"minecraft:used":{"minecraft:calcite":72,"minecraft:quartz_bricks":1,"minecraft:piston":3,"minecraft:water_bucket":1,"minecraft:flower_pot":2,"minecraft:black_concrete":2,"minecraft:lava_bucket":1,"minecraft:bricks":20,"minecraft:daylight_detector":1,"minecraft:warped_hyphae":1,"minecraft:grass_block":6,"minecraft:spruce_slab":2,"minecraft:slime_block":8,"minecraft:jungle_log":3,"minecraft:stripped_warped_stem":1,"minecraft:chest":5,"minecraft:cobblestone_slab":24,"minecraft:item_frame":2,"minecraft:bedrock":1,"minecraft:gilded_blackstone":1,"minecraft:redstone_lamp":3,"minecraft:ancient_debris":4,"minecraft:dirt":5,"minecraft:warped_wart_block":1,"minecraft:yellow_terracotta":20,"minecraft:stripped_dark_oak_log":8,"minecraft:black_stained_glass":1,"minecraft:oak_slab":134,"minecraft:light_blue_concrete":11,"minecraft:crafting_table":65,"minecraft:scaffolding":2,"minecraft:hopper":4,"minecraft:smithing_table":9,"minecraft:spruce_stairs":17,"minecraft:blast_furnace":1,"minecraft:ice":5,"minecraft:deepslate_brick_slab":1,"minecraft:trapped_chest":1,"minecraft:chiseled_quartz_block":1,"minecraft:note_block":3,"minecraft:dripstone_block":40,"minecraft:white_concrete":20,"minecraft:cyan_wool":1,"minecraft:cake":1,"minecraft:lightning_rod":8}},"DataVersion":2724}