{"stats":{"minecraft:killed":{"minecraft:vindicator":977,"minecraft:pillager":1381,"minecraft:evoker":221,"minecraft:player":1,"minecraft:witch":273},"minecraft:used":{"minecraft:netherite_sword":2190},"minecraft:picked_up":{"minecraft:white_banner":16,"minecraft:iron_axe":4,"minecraft:stick":62,"minecraft:sugar":54,"minecraft:crossbow":11,"minecraft:totem_of_undying":10,"minecraft:emerald":128,"minecraft:glowstone_dust":61,"minecraft:glass_bottle":45,"minecraft:gunpowder":64,"minecraft:redstone":60,"minecraft:spider_eye":63},"minecraft:custom":{"minecraft:time_since_rest":80329,"minecraft:crouch_one_cm":206,"minecraft:play_time":80329,"minecraft:damage_taken":140,"minecraft:walk_one_cm":190,"minecraft:raid_trigger":5405,"minecraft:sneak_time":700,"minecraft:mob_kills":2852,"minecraft:damage_dealt":0,"minecraft:leave_game":11,"minecraft:time_since_death":80329,"minecraft:total_world_time":83079,"minecraft:player_kills":1,"minecraft:raid_win":7}},"DataVersion":2730}