{"stats":{"minecraft:broken":{"minecraft:iron_axe":1},"minecraft:custom":{"minecraft:interact_with_crafting_table":40,"minecraft:play_time":21324500,"minecraft:deaths":94,"minecraft:jump":53279,"minecraft:play_record":274,"minecraft:interact_with_cartography_table":2,"minecraft:interact_with_smoker":1,"minecraft:horse_one_cm":27893,"minecraft:inspect_dispenser":366,"minecraft:inspect_dropper":869,"minecraft:interact_with_anvil":29,"minecraft:inspect_hopper":949,"minecraft:tune_noteblock":2105,"minecraft:time_since_rest":772572,"minecraft:swim_one_cm":13691,"minecraft:open_chest":1379,"minecraft:open_shulker_box":102,"minecraft:damage_resisted":38,"minecraft:play_noteblock":132,"minecraft:talked_to_villager":88,"minecraft:interact_with_brewingstand":65,"minecraft:interact_with_beacon":21,"minecraft:fill_cauldron":14,"minecraft:interact_with_campfire":3,"minecraft:raid_win":140,"minecraft:boat_one_cm":109531,"minecraft:damage_taken":129354,"minecraft:aviate_one_cm":6837778,"minecraft:open_barrel":64,"minecraft:bell_ring":1,"minecraft:eat_cake_slice":10,"minecraft:leave_game":1248,"minecraft:time_since_death":772544,"minecraft:enchant_item":1,"minecraft:interact_with_furnace":94,"minecraft:traded_with_villager":66,"minecraft:damage_dealt":98324,"minecraft:use_cauldron":5,"minecraft:interact_with_smithing_table":5,"minecraft:damage_dealt_absorbed":550,"minecraft:target_hit":17,"minecraft:sneak_time":952443,"minecraft:interact_with_lectern":98,"minecraft:interact_with_blast_furnace":4,"minecraft:total_world_time":5694800,"minecraft:fly_one_cm":173639303,"minecraft:fall_one_cm":1906520,"minecraft:sprint_one_cm":9516111,"minecraft:drop":2918,"minecraft:walk_on_water_one_cm":453794,"minecraft:interact_with_loom":15,"minecraft:open_enderchest":7,"minecraft:crouch_one_cm":1151849,"minecraft:mob_kills":16254,"minecraft:climb_one_cm":31649,"minecraft:walk_one_cm":16680162,"minecraft:walk_under_water_one_cm":412058,"minecraft:raid_trigger":440,"minecraft:pot_flower":97,"minecraft:interact_with_grindstone":1,"minecraft:damage_absorbed":2426,"minecraft:trigger_trapped_chest":96,"minecraft:minecart_one_cm":68086},"minecraft:crafted":{"minecraft:iron_nugget":81,"minecraft:leather_helmet":3,"minecraft:stone":4,"minecraft:iron_ingot":9,"minecraft:leather_boots":3,"minecraft:emerald":9,"minecraft:cooked_porkchop":1,"minecraft:leather_leggings":3,"minecraft:firework_star":68,"minecraft:brick":160,"minecraft:shield":2,"minecraft:leather_chestplate":3,"minecraft:redstone":72,"minecraft:sugar":3,"minecraft:bread":30,"minecraft:air":0,"minecraft:firework_rocket":201},"minecraft:killed_by":{"minecraft:player":2},"minecraft:picked_up":{"minecraft:stone_slab":1,"minecraft:lead":7,"minecraft:enchanted_book":12,"minecraft:infested_stone":53,"minecraft:purple_shulker_box":1,"minecraft:music_disc_cat":14,"minecraft:string":59,"minecraft:beetroot_soup":36,"minecraft:pufferfish":2,"minecraft:diamond_leggings":3,"minecraft:hopper_minecart":2,"minecraft:crimson_sign":1,"minecraft:spruce_pressure_plate":1,"minecraft:jukebox":8,"minecraft:big_dripleaf":28,"minecraft:farmland":1,"minecraft:golden_axe":4,"minecraft:end_crystal":642,"minecraft:warped_door":4,"minecraft:stone_sword":45,"minecraft:command_block":1,"minecraft:honey_bottle":2,"minecraft:polished_basalt":2,"minecraft:carved_pumpkin":656,"minecraft:glowstone":1,"minecraft:end_rod":144,"minecraft:white_terracotta":24,"minecraft:iron_bars":2,"minecraft:snowball":333,"minecraft:feather":215,"minecraft:cooked_beef":138,"minecraft:water_bucket":5,"minecraft:cyan_concrete_powder":1,"minecraft:lantern":47,"minecraft:dark_oak_sign":23,"minecraft:diamond_helmet":3,"minecraft:rabbit":74,"minecraft:stripped_spruce_log":2,"minecraft:polished_andesite":7106,"minecraft:deepslate":1062,"minecraft:lever":127,"minecraft:granite":3850,"minecraft:spruce_button":112,"minecraft:light_gray_carpet":1,"minecraft:mangrove_button":1,"minecraft:diamond_pickaxe":1,"minecraft:bee_nest":7,"minecraft:redstone_lamp":63,"minecraft:leather_leggings":2,"minecraft:heavy_weighted_pressure_plate":2,"minecraft:cornflower":1,"minecraft:elytra":5,"minecraft:flint_and_steel":9,"minecraft:white_carpet":68,"minecraft:white_stained_glass":81,"minecraft:netherite_sword":1,"minecraft:jungle_sapling":2,"minecraft:poppy":21,"minecraft:spruce_slab":1,"minecraft:minecart":146,"minecraft:birch_sapling":2,"minecraft:piston":3,"minecraft:diamond_hoe":6,"minecraft:lime_shulker_box":1,"minecraft:stone":4548,"minecraft:music_disc_mellohi":7,"minecraft:fire_charge":570,"minecraft:jungle_sign":2,"minecraft:diamond_chestplate":3,"minecraft:totem_of_undying":100,"minecraft:mutton":117,"minecraft:rail":299,"minecraft:bone_block":193,"minecraft:oxeye_daisy":1,"minecraft:mud_bricks":1,"minecraft:clock":2,"minecraft:tripwire_hook":12,"minecraft:paper":2,"minecraft:apple":85,"minecraft:spore_blossom":84,"minecraft:pufferfish_bucket":2,"minecraft:iron_ore":64,"minecraft:sweet_berries":191,"minecraft:leather_helmet":1,"minecraft:coal_ore":64,"minecraft:slime_ball":49,"minecraft:painting":17,"minecraft:birch_sign":142,"minecraft:baked_potato":131,"minecraft:hopper":138,"minecraft:stone_brick_stairs":1,"minecraft:lapis_block":2,"minecraft:smooth_stone":1,"minecraft:comparator":58,"minecraft:bucket":5,"minecraft:light_weighted_pressure_plate":9,"minecraft:rose_bush":3,"minecraft:blue_wool":86,"minecraft:tipped_arrow":67,"minecraft:acacia_fence":64,"minecraft:spruce_stairs":2,"minecraft:crimson_button":1,"minecraft:diorite":4850,"minecraft:rotten_flesh":112502,"minecraft:music_disc_ward":14,"minecraft:music_disc_wait":14,"minecraft:obsidian":4,"minecraft:blaze_powder":254,"minecraft:cobblestone":65,"minecraft:repeater":169,"minecraft:andesite":858,"minecraft:orange_carpet":7,"minecraft:golden_leggings":1,"minecraft:potato":146,"minecraft:dirt":198,"minecraft:glass":122,"minecraft:bone":169968,"minecraft:bow":11,"minecraft:wheat_seeds":68314,"minecraft:crimson_fence_gate":1,"minecraft:bamboo":634,"minecraft:prismarine":1,"minecraft:nether_brick_stairs":2,"minecraft:grass_block":15,"minecraft:diamond_block":1,"minecraft:spectral_arrow":376,"minecraft:yellow_carpet":1,"minecraft:sugar":316,"minecraft:slime_block":536,"minecraft:soul_lantern":143,"minecraft:nether_sprouts":1,"minecraft:crossbow":106,"minecraft:bone_meal":252,"minecraft:golden_apple":55,"minecraft:spruce_sign":122,"minecraft:emerald":1268,"minecraft:netherrack":64,"minecraft:oak_leaves":1,"minecraft:ladder":19,"minecraft:rabbit_stew":36,"minecraft:packed_ice":42,"minecraft:shield":1,"minecraft:brick":3,"minecraft:moss_carpet":2,"minecraft:note_block":11,"minecraft:cookie":1,"minecraft:music_disc_11":12,"minecraft:trident":17,"minecraft:brown_dye":15,"minecraft:stone_pressure_plate":6,"minecraft:red_shulker_box":372,"minecraft:pumpkin_pie":56,"minecraft:nether_bricks":1,"minecraft:glistering_melon_slice":2,"minecraft:black_banner":4,"minecraft:brick_stairs":1,"minecraft:skeleton_skull":78,"minecraft:dark_oak_button":11,"minecraft:golden_carrot":79,"minecraft:leather":49,"minecraft:music_disc_stal":9,"minecraft:gunpowder":867,"minecraft:cooked_mutton":66,"minecraft:red_carpet":3,"minecraft:gray_carpet":17,"minecraft:iron_ingot":46,"minecraft:cooked_chicken":72,"minecraft:sculk_catalyst":854,"minecraft:dandelion":2,"minecraft:lava_bucket":1,"minecraft:red_banner":39,"minecraft:soul_torch":1,"minecraft:spruce_door":67,"minecraft:light_blue_concrete_powder":1,"minecraft:sculk_sensor":1,"minecraft:white_concrete_powder":163,"minecraft:chainmail_leggings":1,"minecraft:wooden_axe":12,"minecraft:birch_door":2,"minecraft:chainmail_boots":1,"minecraft:anvil":13,"minecraft:diamond_sword":8,"minecraft:wither_rose":4,"minecraft:birch_button":122,"minecraft:golden_shovel":1,"minecraft:brewing_stand":2,"minecraft:dark_oak_trapdoor":2,"minecraft:beetroot":91,"minecraft:gold_nugget":180,"minecraft:cobbled_deepslate":4294,"minecraft:spruce_planks":65,"minecraft:acacia_sign":4,"minecraft:melon_slice":205,"minecraft:dark_oak_door":2,"minecraft:music_disc_blocks":14,"minecraft:pink_carpet":1,"minecraft:deepslate_tile_stairs":1,"minecraft:zombie_spawn_egg":1,"minecraft:tropical_fish":78,"minecraft:magma_block":9,"minecraft:iron_door":1,"minecraft:acacia_leaves":18525,"minecraft:twisting_vines":35,"minecraft:glowstone_dust":377,"minecraft:moss_block":2,"minecraft:dropper":1,"minecraft:ink_sac":173,"minecraft:dispenser":80,"minecraft:writable_book":1,"minecraft:bricks":1,"minecraft:crafting_table":1,"minecraft:purple_wool":75,"minecraft:nether_wart":64,"minecraft:orange_banner":25,"minecraft:compass":12,"minecraft:cartography_table":1,"minecraft:beef":211,"minecraft:chest":15623,"minecraft:egg":63,"minecraft:sandstone":1,"minecraft:oak_door":1,"minecraft:spruce_fence":1,"minecraft:carrot":139,"minecraft:redstone":1951,"minecraft:prismarine_crystals":2,"minecraft:tnt":12435,"minecraft:repeating_command_block":1,"minecraft:cooked_cod":156,"minecraft:peony":2,"minecraft:diamond_boots":4,"minecraft:cut_copper":1,"minecraft:sandstone_stairs":1,"minecraft:gold_ingot":19,"minecraft:white_wool":54,"minecraft:red_mushroom":2,"minecraft:oak_log":12,"minecraft:jungle_button":1,"minecraft:white_banner":242,"minecraft:kelp":112,"minecraft:stone_bricks":563,"minecraft:music_disc_far":11,"minecraft:cobweb":1,"minecraft:glass_bottle":365,"minecraft:mangrove_planks":13674,"minecraft:iron_sword":10,"minecraft:white_stained_glass_pane":71,"minecraft:spyglass":2,"minecraft:spruce_sapling":1,"minecraft:spruce_log":1,"minecraft:sea_lantern":1,"minecraft:firework_rocket":20291,"minecraft:polished_diorite":4995,"minecraft:diamond_axe":2,"minecraft:gray_wool":1,"minecraft:oak_button":6,"minecraft:warped_nylium":64,"minecraft:ender_pearl":3,"minecraft:shulker_shell":6,"minecraft:music_disc_strad":8,"minecraft:wheat":150,"minecraft:redstone_block":7716,"minecraft:iron_trapdoor":12,"minecraft:potion":26,"minecraft:turtle_egg":1,"minecraft:nether_brick":2,"minecraft:smooth_stone_slab":2,"minecraft:sticky_piston":196,"minecraft:armor_stand":2,"minecraft:zombie_head":1,"minecraft:oak_sign":30,"minecraft:sea_pickle":3,"minecraft:activator_rail":5,"minecraft:redstone_torch":245,"minecraft:calcite":65,"minecraft:stick":498,"minecraft:orange_shulker_box":1,"minecraft:oak_fence":2,"minecraft:torch":35,"minecraft:porkchop":117,"minecraft:dried_kelp":1,"minecraft:villager_spawn_egg":4,"minecraft:pointed_dripstone":57,"minecraft:quartz_block":119,"minecraft:cactus":23,"minecraft:cod":3833,"minecraft:nautilus_shell":1,"minecraft:chiseled_quartz_block":27,"minecraft:acacia_boat":491,"minecraft:green_shulker_box":1,"minecraft:polished_granite":4913,"minecraft:leather_boots":2,"minecraft:raw_gold":1,"minecraft:powered_rail":2003,"minecraft:oak_planks":66,"minecraft:ghast_tear":4,"minecraft:cooked_porkchop":73,"minecraft:music_disc_13":18,"minecraft:oak_pressure_plate":68,"minecraft:jungle_planks":64,"minecraft:sand":5,"minecraft:shulker_box":72,"minecraft:dark_prismarine":1,"minecraft:spruce_fence_gate":1,"minecraft:diamond":9757,"minecraft:polished_blackstone_button":49,"minecraft:white_concrete":22,"minecraft:oak_sapling":28,"minecraft:nether_star":1,"minecraft:end_stone_bricks":1,"minecraft:lingering_potion":1,"minecraft:cocoa_beans":24,"minecraft:allium":1,"minecraft:firework_star":1,"minecraft:chicken":369,"minecraft:cooked_rabbit":68,"minecraft:diamond_horse_armor":3,"minecraft:stone_stairs":1,"minecraft:orange_concrete":64,"minecraft:iron_axe":67,"minecraft:item_frame":30,"minecraft:cyan_carpet":15,"minecraft:detector_rail":3,"minecraft:oak_boat":4,"minecraft:observer":23,"minecraft:tinted_glass":1,"minecraft:sugar_cane":1039,"minecraft:spruce_trapdoor":1,"minecraft:dark_oak_sapling":14,"minecraft:copper_ingot":777,"minecraft:stone_button":171,"minecraft:arrow":274,"minecraft:golden_hoe":1,"minecraft:saddle":13,"minecraft:glow_ink_sac":2,"minecraft:salmon":20,"minecraft:cut_sandstone":2,"minecraft:mushroom_stew":36,"minecraft:cut_copper_slab":1,"minecraft:witch_spawn_egg":1,"minecraft:soul_sand":64,"minecraft:acacia_sapling":4,"minecraft:purple_concrete":64,"minecraft:music_disc_chirp":14,"minecraft:scaffolding":117,"minecraft:pumpkin":2,"minecraft:spider_eye":382,"minecraft:music_disc_mall":11,"minecraft:black_wool":1,"minecraft:magenta_concrete":64,"minecraft:coal":198},"minecraft:dropped":{"minecraft:porkchop":1,"minecraft:glass_bottle":2,"minecraft:diamond":515,"minecraft:cooked_porkchop":1,"minecraft:blackstone_stairs":1,"minecraft:red_mushroom":1,"minecraft:emerald":294,"minecraft:gray_concrete":2,"minecraft:dark_oak_trapdoor":2,"minecraft:acacia_fence_gate":1,"minecraft:sand":1,"minecraft:purple_wool":2,"minecraft:birch_stairs":1,"minecraft:white_wool":48,"minecraft:music_disc_blocks":1,"minecraft:diamond_block":2,"minecraft:lever":4,"minecraft:cobbled_deepslate":4099,"minecraft:tinted_glass":1,"minecraft:netherite_sword":3,"minecraft:wheat":6,"minecraft:obsidian":1,"minecraft:stripped_dark_oak_log":2,"minecraft:rotten_flesh":128,"minecraft:oak_planks":121,"minecraft:glowstone_dust":3,"minecraft:golden_shovel":1,"minecraft:sea_lantern":2,"minecraft:diorite_wall":1,"minecraft:music_disc_mall":1,"minecraft:acacia_sapling":1,"minecraft:painting":1,"minecraft:red_nether_bricks":1,"minecraft:glass":131,"minecraft:beef":6,"minecraft:acacia_fence":64,"minecraft:cartography_table":1,"minecraft:wheat_seeds":279,"minecraft:clock":2,"minecraft:golden_apple":54,"minecraft:coal_block":64,"minecraft:turtle_egg":1,"minecraft:cobweb":1,"minecraft:lava_bucket":2,"minecraft:diamond_horse_armor":1,"minecraft:ink_sac":6,"minecraft:wooden_axe":20,"minecraft:potion":3,"minecraft:stripped_birch_log":1,"minecraft:pumpkin":1,"minecraft:white_banner":2,"minecraft:stone_brick_slab":1,"minecraft:bricks":2,"minecraft:ravager_spawn_egg":1,"minecraft:player_head":1,"minecraft:cocoa_beans":51,"minecraft:sticky_piston":2,"minecraft:red_banner":2,"minecraft:light_gray_concrete":1,"minecraft:white_terracotta":63,"minecraft:debug_stick":2,"minecraft:oak_sign":1,"minecraft:diamond_sword":9,"minecraft:sea_pickle":1,"minecraft:spruce_trapdoor":1,"minecraft:diamond_pickaxe":2,"minecraft:andesite_stairs":2,"minecraft:redstone_torch":2,"minecraft:stone_bricks":9,"minecraft:sandstone":3,"minecraft:bow":6,"minecraft:magma_block":22,"minecraft:nether_brick_stairs":2,"minecraft:evoker_spawn_egg":1,"minecraft:acacia_boat":19,"minecraft:moss_block":1,"minecraft:polished_granite_slab":1,"minecraft:ender_pearl":1,"minecraft:dark_oak_sapling":1,"minecraft:leather":1,"minecraft:red_wool":1,"minecraft:bedrock":3,"minecraft:cod":20,"minecraft:music_disc_13":2,"minecraft:packed_ice":138,"minecraft:ice":1,"minecraft:snowball":37,"minecraft:tube_coral":1,"minecraft:black_concrete":7,"minecraft:spyglass":3,"minecraft:twisting_vines":35,"minecraft:andesite_slab":1,"minecraft:yellow_stained_glass":1,"minecraft:trident":14,"minecraft:dropper":1,"minecraft:stone_brick_wall":1,"minecraft:birch_button":2,"minecraft:iron_bars":2,"minecraft:white_concrete_powder":2,"minecraft:polished_granite":256,"minecraft:andesite_wall":1,"minecraft:spruce_stairs":1,"minecraft:enderman_spawn_egg":1,"minecraft:spruce_fence_gate":1,"minecraft:repeater":8,"minecraft:nether_wart_block":1,"minecraft:white_concrete":89,"minecraft:melon_slice":8,"minecraft:music_disc_strad":1,"minecraft:music_disc_ward":1,"minecraft:granite_slab":1,"minecraft:polished_basalt":2,"minecraft:music_disc_wait":3,"minecraft:cactus":2,"minecraft:tripwire_hook":2,"minecraft:redstone_block":197,"minecraft:polished_diorite":258,"minecraft:kelp":45,"minecraft:sweet_berries":88,"minecraft:dragon_head":64,"minecraft:dark_prismarine_stairs":2,"minecraft:sculk_sensor":1,"minecraft:birch_pressure_plate":1,"minecraft:villager_spawn_egg":3,"minecraft:comparator":12,"minecraft:totem_of_undying":12,"minecraft:oak_button":1,"minecraft:andesite":321,"minecraft:oak_sapling":4,"minecraft:end_portal_frame":1,"minecraft:infested_stone":2,"minecraft:brick":3,"minecraft:repeating_command_block":2,"minecraft:piston":5,"minecraft:oak_pressure_plate":65,"minecraft:cooked_beef":2,"minecraft:cut_copper_slab":1,"minecraft:crossbow":14,"minecraft:cookie":1,"minecraft:elytra":5,"minecraft:rail":70,"minecraft:item_frame":1,"minecraft:light_weighted_pressure_plate":2,"minecraft:dirt":84,"minecraft:stone_button":45,"minecraft:chain":1,"minecraft:jungle_sapling":1,"minecraft:bone_block":1,"minecraft:sugar":39,"minecraft:music_disc_stal":1,"minecraft:end_crystal":2,"minecraft:bone":19,"minecraft:note_block":2,"minecraft:sugar_cane":167,"minecraft:music_disc_chirp":2,"minecraft:nether_brick":2,"minecraft:birch_sapling":2,"minecraft:blue_wool":1,"minecraft:end_stone":1,"minecraft:salmon":20,"minecraft:dark_oak_fence_gate":2,"minecraft:tipped_arrow":68,"minecraft:brick_stairs":2,"minecraft:hopper":141,"minecraft:ladder":1,"minecraft:campfire":1,"minecraft:ghast_tear":3,"minecraft:crying_obsidian":1,"minecraft:egg":43,"minecraft:enchanted_book":9,"minecraft:netherite_pickaxe":1,"minecraft:tnt":6720,"minecraft:dark_prismarine_slab":1,"minecraft:feather":2,"minecraft:cobblestone":5,"minecraft:apple":1,"minecraft:granite":257,"minecraft:crimson_fence_gate":1,"minecraft:command_block":1,"minecraft:spruce_door":64,"minecraft:polished_blackstone_button":34,"minecraft:coal":1,"minecraft:polished_andesite":259,"minecraft:pufferfish":1,"minecraft:jungle_slab":1,"minecraft:golden_carrot":79,"minecraft:iron_trapdoor":1,"minecraft:sponge":1,"minecraft:nether_sprouts":1,"minecraft:dried_kelp":1,"minecraft:pufferfish_bucket":2,"minecraft:paper":1,"minecraft:string":1,"minecraft:spruce_sapling":1,"minecraft:zombie_spawn_egg":1,"minecraft:cobblestone_wall":1,"minecraft:smooth_stone_slab":3,"minecraft:deepslate":320,"minecraft:diamond_hoe":6,"minecraft:slime_block":66,"minecraft:diamond_ore":64,"minecraft:orange_wool":3,"minecraft:nether_bricks":1,"minecraft:spruce_fence":1,"minecraft:potato":3,"minecraft:stone":98,"minecraft:spider_eye":20,"minecraft:dark_prismarine":3,"minecraft:dark_oak_stairs":1,"minecraft:lantern":1,"minecraft:music_disc_11":4,"minecraft:deepslate_tile_stairs":1,"minecraft:cyan_terracotta":1,"minecraft:deepslate_gold_ore":1,"minecraft:dispenser":4,"minecraft:cut_sandstone":3,"minecraft:cooked_cod":3,"minecraft:cut_copper":130,"minecraft:white_stained_glass_pane":81,"minecraft:pumpkin_pie":1,"minecraft:glistering_melon_slice":2,"minecraft:armor_stand":9,"minecraft:blackstone":1,"minecraft:yellow_wool":1,"minecraft:prismarine":1,"minecraft:honey_bottle":2,"minecraft:carrot":816,"minecraft:gunpowder":67,"minecraft:glowstone":1,"minecraft:chest":7,"minecraft:arrow":42,"minecraft:powered_rail":182,"minecraft:prismarine_bricks":3,"minecraft:firework_rocket":253,"minecraft:water_bucket":4,"minecraft:stripped_spruce_log":1,"minecraft:minecart":55,"minecraft:poisonous_potato":1,"minecraft:spectral_arrow":11,"minecraft:observer":3,"minecraft:hopper_minecart":4,"minecraft:light_blue_concrete_powder":1,"minecraft:grass_block":15,"minecraft:stick":1,"minecraft:smooth_red_sandstone":1,"minecraft:diorite":259,"minecraft:brewing_stand":1,"minecraft:torch":1,"minecraft:smooth_quartz":1,"minecraft:wither_rose":12,"minecraft:iron_axe":5,"minecraft:bucket":7,"minecraft:music_disc_cat":3,"minecraft:lapis_block":2,"minecraft:redstone":92,"minecraft:farmland":1,"minecraft:anvil":1,"minecraft:brown_dye":133,"minecraft:nether_wart":2,"minecraft:composter":1,"minecraft:ender_eye":1,"minecraft:stripped_acacia_wood":273,"minecraft:acacia_leaves":512,"minecraft:shield":1,"minecraft:black_concrete_powder":1,"minecraft:blue_ice":64,"minecraft:oak_boat":1,"minecraft:diamond_boots":1,"minecraft:slime_ball":5,"minecraft:beacon":1,"minecraft:raw_gold":1,"minecraft:calcite":2,"minecraft:white_stained_glass":134},"minecraft:used":{"minecraft:moss_block":98,"minecraft:jack_o_lantern":1,"minecraft:writable_book":82,"minecraft:polished_granite_stairs":755,"minecraft:chiseled_deepslate":6,"minecraft:smooth_quartz_slab":967,"minecraft:red_sandstone_slab":27,"minecraft:dispenser":478,"minecraft:poppy":143,"minecraft:stone":17691,"minecraft:red_nether_brick_stairs":95,"minecraft:warped_sign":5,"minecraft:quartz_stairs":1161,"minecraft:farmland":21,"minecraft:rotten_flesh":11,"minecraft:waxed_weathered_cut_copper_stairs":8,"minecraft:tube_coral":16,"minecraft:chiseled_red_sandstone":2,"minecraft:soul_sand":106,"minecraft:lily_of_the_valley":15,"minecraft:cocoa_beans":5,"minecraft:cut_copper":110,"minecraft:cracked_deepslate_tiles":7,"minecraft:deepslate_brick_slab":27,"minecraft:magenta_candle":4,"minecraft:azure_bluet":7,"minecraft:snowball":5,"minecraft:weeping_vines":3,"minecraft:jungle_sapling":2,"minecraft:polished_blackstone_slab":2,"minecraft:packed_ice":858,"minecraft:lava_bucket":181,"minecraft:stripped_dark_oak_wood":20,"minecraft:lime_banner":2,"minecraft:quartz_pillar":160,"minecraft:villager_spawn_egg":971,"minecraft:mangrove_stairs":14,"minecraft:jungle_fence_gate":6,"minecraft:red_wool":598,"minecraft:deepslate_copper_ore":7,"minecraft:music_disc_ward":20,"minecraft:quartz_block":3233,"minecraft:netherite_hoe":41,"minecraft:dark_oak_leaves":2,"minecraft:dark_oak_slab":1150,"minecraft:waxed_weathered_cut_copper":26,"minecraft:diorite_wall":685,"minecraft:netherite_boots":1,"minecraft:infested_mossy_stone_bricks":2,"minecraft:bow":549,"minecraft:guardian_spawn_egg":242,"minecraft:yellow_glazed_terracotta":8,"minecraft:oak_sapling":43,"minecraft:mangrove_slab":11,"minecraft:acacia_fence":111,"minecraft:end_stone_brick_stairs":1,"minecraft:green_stained_glass_pane":2,"minecraft:dark_prismarine_stairs":2151,"minecraft:lime_glazed_terracotta":231,"minecraft:deepslate_brick_wall":47,"minecraft:mossy_stone_bricks":71,"minecraft:leather_leggings":1,"minecraft:cow_spawn_egg":21,"minecraft:infested_stone":606,"minecraft:prismarine":2204,"minecraft:lily_pad":62,"minecraft:cactus":26,"minecraft:blackstone":432,"minecraft:leather_chestplate":1,"minecraft:fox_spawn_egg":40,"minecraft:black_glazed_terracotta":6,"minecraft:composter":64,"minecraft:clay":513,"minecraft:golden_apple":4,"minecraft:glow_berries":1,"minecraft:cut_sandstone_slab":13,"minecraft:blast_furnace":8,"minecraft:weathered_cut_copper_slab":8,"minecraft:acacia_leaves":67,"minecraft:chiseled_quartz_block":14,"minecraft:purple_terracotta":42,"minecraft:gray_concrete":161,"minecraft:squid_spawn_egg":7,"minecraft:red_sandstone_wall":177,"minecraft:deepslate_brick_stairs":2,"minecraft:crimson_fence_gate":3,"minecraft:purple_concrete_powder":1,"minecraft:birch_fence":511,"minecraft:red_sandstone":46,"minecraft:gray_stained_glass_pane":263,"minecraft:birch_slab":434,"minecraft:zombie_head":4,"minecraft:deepslate_iron_ore":5,"minecraft:white_glazed_terracotta":30,"minecraft:oak_pressure_plate":26,"minecraft:cut_red_sandstone":2,"minecraft:flowering_azalea_leaves":6,"minecraft:nether_wart_block":229,"minecraft:diamond_sword":381,"minecraft:coal_block":904,"minecraft:smithing_table":77,"minecraft:birch_log":446,"minecraft:piglin_spawn_egg":11,"minecraft:oak_boat":28,"minecraft:waxed_cut_copper_stairs":17,"minecraft:purple_wool":747,"minecraft:diorite_slab":136,"minecraft:diorite_stairs":147,"minecraft:oak_trapdoor":789,"minecraft:stripped_acacia_wood":57,"minecraft:polished_blackstone_brick_slab":15,"minecraft:enchanting_table":9,"minecraft:dead_tube_coral_block":7,"minecraft:orange_concrete":173,"minecraft:dead_bush":2,"minecraft:carved_pumpkin":25,"minecraft:armor_stand":51,"minecraft:light_gray_carpet":52,"minecraft:silverfish_spawn_egg":36,"minecraft:tinted_glass":164,"minecraft:wither_skeleton_spawn_egg":1,"minecraft:polished_blackstone_wall":70,"minecraft:structure_block":2,"minecraft:torch":864,"minecraft:orange_stained_glass":1340,"minecraft:exposed_cut_copper_stairs":50,"minecraft:brewing_stand":40,"minecraft:nether_quartz_ore":19,"minecraft:cod_bucket":4,"minecraft:light_gray_glazed_terracotta":478,"minecraft:yellow_carpet":7,"minecraft:golden_shovel":34,"minecraft:mud_brick_stairs":186,"minecraft:oak_fence_gate":32,"minecraft:fern":20,"minecraft:orange_candle":23,"minecraft:mossy_cobblestone_stairs":15,"minecraft:music_disc_mellohi":15,"minecraft:sea_lantern":1423,"minecraft:light_weighted_pressure_plate":26,"minecraft:iron_block":1437,"minecraft:muddy_mangrove_roots":2,"minecraft:polished_deepslate_wall":6,"minecraft:jungle_log":1,"minecraft:barrel":348,"minecraft:bamboo":544,"minecraft:basalt":63,"minecraft:lime_concrete":123,"minecraft:warped_stairs":112,"minecraft:magenta_terracotta":40,"minecraft:podzol":22,"minecraft:trapped_chest":430,"minecraft:acacia_planks":31,"minecraft:deepslate_emerald_ore":2,"minecraft:calcite":848,"minecraft:wheat_seeds":181,"minecraft:warped_stem":11,"minecraft:light_blue_shulker_box":9,"minecraft:tube_coral_block":16,"minecraft:birch_planks":448,"minecraft:waxed_oxidized_cut_copper":47,"minecraft:blue_concrete_powder":11,"minecraft:cauldron":126,"minecraft:spruce_fence_gate":305,"minecraft:sheep_spawn_egg":2,"minecraft:glow_ink_sac":24,"minecraft:leather_boots":2,"minecraft:gold_ore":35,"minecraft:deepslate_bricks":54,"minecraft:conduit":2,"minecraft:waxed_exposed_copper":43,"minecraft:polished_deepslate_slab":9,"minecraft:diamond_block":660,"minecraft:rail":1418,"minecraft:cyan_glazed_terracotta":52,"minecraft:crimson_trapdoor":264,"minecraft:red_bed":1,"minecraft:phantom_spawn_egg":27,"minecraft:sculk_shrieker":191,"minecraft:campfire":176,"minecraft:white_bed":149,"minecraft:spruce_log":3,"minecraft:music_disc_strad":13,"minecraft:mushroom_stem":1437,"minecraft:light_blue_candle":22,"minecraft:amethyst_cluster":5,"minecraft:blue_stained_glass_pane":2,"minecraft:diamond_pickaxe":118,"minecraft:warped_trapdoor":126,"minecraft:diamond_shovel":612,"minecraft:acacia_sign":42,"minecraft:oak_button":58,"minecraft:pig_spawn_egg":125,"minecraft:tnt_minecart":6,"minecraft:spruce_pressure_plate":12,"minecraft:leather_helmet":1,"minecraft:magenta_concrete_powder":1,"minecraft:spruce_trapdoor":2795,"minecraft:spruce_sapling":2,"minecraft:blue_carpet":1,"minecraft:potion":119,"minecraft:azalea_leaves":4,"minecraft:orange_banner":110,"minecraft:crimson_stairs":183,"minecraft:porkchop":1,"minecraft:cooked_porkchop":1,"minecraft:andesite_stairs":434,"minecraft:warped_fence_gate":38,"minecraft:repeating_command_block":451,"minecraft:stripped_oak_log":214,"minecraft:husk_spawn_egg":34,"minecraft:dandelion":2,"minecraft:light_blue_banner":2,"minecraft:moss_carpet":16,"minecraft:waxed_exposed_cut_copper":22,"minecraft:blue_terracotta":8,"minecraft:red_sand":26,"minecraft:polished_deepslate":151,"minecraft:light_gray_stained_glass_pane":266,"minecraft:melon":64,"minecraft:bone_block":1757,"minecraft:polished_basalt":232,"minecraft:nether_wart":2,"minecraft:stripped_jungle_wood":1,"minecraft:grass":25,"minecraft:mossy_stone_brick_slab":8,"minecraft:stripped_crimson_stem":171,"minecraft:green_terracotta":3,"minecraft:spruce_leaves":231,"minecraft:soul_campfire":18,"minecraft:orange_glazed_terracotta":2,"minecraft:jungle_planks":398,"minecraft:pink_terracotta":10,"minecraft:furnace_minecart":1,"minecraft:music_disc_13":54,"minecraft:beehive":19,"minecraft:obsidian":2130,"minecraft:big_dripleaf":38,"minecraft:waxed_oxidized_copper":63,"minecraft:crimson_button":4,"minecraft:bricks":4943,"minecraft:lantern":158,"minecraft:blue_orchid":7,"minecraft:panda_spawn_egg":1,"minecraft:green_wool":3,"minecraft:polished_blackstone_brick_wall":17,"minecraft:warped_nylium":42,"minecraft:light_blue_bed":8,"minecraft:mossy_cobblestone_slab":13,"minecraft:raw_gold_block":8,"minecraft:item_frame":149,"minecraft:birch_button":326,"minecraft:deepslate_diamond_ore":2,"minecraft:birch_trapdoor":682,"minecraft:red_nether_brick_wall":22,"minecraft:jungle_button":24,"minecraft:blue_shulker_box":4,"minecraft:gold_block":721,"minecraft:skeleton_skull":74,"minecraft:pink_concrete_powder":2,"minecraft:dark_oak_sapling":45,"minecraft:ink_sac":252,"minecraft:end_rod":284,"minecraft:stripped_acacia_log":810,"minecraft:dropper":719,"minecraft:wither_skeleton_skull":3,"minecraft:gray_carpet":474,"minecraft:mangrove_planks":148,"minecraft:oak_planks":3631,"minecraft:prismarine_stairs":2,"minecraft:polished_diorite_slab":9,"minecraft:sandstone":884,"minecraft:structure_void":1,"minecraft:diamond_axe":23,"minecraft:sugar_cane":558,"minecraft:white_wool":745,"minecraft:golden_hoe":29,"minecraft:netherite_leggings":1,"minecraft:light_blue_concrete":231,"minecraft:lime_stained_glass_pane":131,"minecraft:mushroom_stew":1,"minecraft:light_blue_wool":6,"minecraft:yellow_concrete":2063,"minecraft:crossbow":64,"minecraft:ochre_froglight":28,"minecraft:lingering_potion":1244,"minecraft:end_stone":172,"minecraft:deepslate_lapis_ore":3,"minecraft:creeper_spawn_egg":33,"minecraft:black_terracotta":6,"minecraft:sticky_piston":1429,"minecraft:dead_fire_coral_fan":4,"minecraft:lever":798,"minecraft:blue_glazed_terracotta":7,"minecraft:daylight_detector":92,"minecraft:acacia_door":26,"minecraft:dark_oak_log":183,"minecraft:nether_sprouts":7,"minecraft:barrier":43,"minecraft:brown_wool":164,"minecraft:warped_slab":45,"minecraft:iron_door":149,"minecraft:deepslate":31,"minecraft:prismarine_wall":1151,"minecraft:blue_candle":19,"minecraft:light_blue_concrete_powder":2,"minecraft:pufferfish_bucket":6,"minecraft:dead_horn_coral_fan":6,"minecraft:waxed_oxidized_cut_copper_stairs":54,"minecraft:chain":145,"minecraft:smooth_stone_slab":14527,"minecraft:mossy_cobblestone_wall":10,"minecraft:coarse_dirt":29,"minecraft:bone_meal":396,"minecraft:orange_concrete_powder":3,"minecraft:netherite_sword":2624,"minecraft:rose_bush":14,"minecraft:waxed_weathered_copper":40,"minecraft:granite_stairs":182,"minecraft:crimson_fence":2,"minecraft:white_tulip":1,"minecraft:flint_and_steel":646,"minecraft:redstone":4865,"minecraft:pufferfish_spawn_egg":12,"minecraft:ender_chest":33,"minecraft:brown_shulker_box":3,"minecraft:deepslate_gold_ore":3,"minecraft:stripped_birch_wood":455,"minecraft:stone_hoe":101,"minecraft:dried_kelp_block":7,"minecraft:dirt":10140,"minecraft:red_nether_brick_slab":147,"minecraft:prismarine_bricks":3298,"minecraft:bee_nest":30,"minecraft:spruce_fence":716,"minecraft:brown_terracotta":50,"minecraft:wooden_axe":2,"minecraft:light_gray_stained_glass":559,"minecraft:waxed_cut_copper":25,"minecraft:oak_stairs":167,"minecraft:smooth_sandstone":243,"minecraft:crimson_slab":136,"minecraft:yellow_concrete_powder":10,"minecraft:waxed_cut_copper_slab":5,"minecraft:black_stained_glass":57,"minecraft:soul_soil":48,"minecraft:dark_oak_pressure_plate":12,"minecraft:lime_stained_glass":108,"minecraft:deepslate_tile_stairs":211,"minecraft:minecart":516,"minecraft:netherite_pickaxe":21,"minecraft:cyan_concrete_powder":7,"minecraft:dead_bubble_coral_block":2,"minecraft:enchanted_golden_apple":8,"minecraft:orange_stained_glass_pane":1,"minecraft:powder_snow_bucket":206,"minecraft:turtle_egg":28,"minecraft:mossy_stone_brick_wall":29,"minecraft:pumpkin":14,"minecraft:light_gray_bed":7,"minecraft:beetroot_soup":1,"minecraft:cobbled_deepslate_wall":65,"minecraft:quartz_bricks":45,"minecraft:cobblestone_stairs":107,"minecraft:pink_glazed_terracotta":2,"minecraft:lodestone":40,"minecraft:snow_block":1442,"minecraft:red_nether_bricks":87,"minecraft:purple_glazed_terracotta":58,"minecraft:cut_sandstone":166,"minecraft:brown_mushroom":6,"minecraft:spruce_sign":445,"minecraft:vindicator_spawn_egg":3,"minecraft:waxed_copper_block":88,"minecraft:warped_roots":1,"minecraft:music_disc_cat":34,"minecraft:dark_prismarine_slab":622,"minecraft:magenta_bed":4,"minecraft:red_mushroom":10,"minecraft:brown_glazed_terracotta":4,"minecraft:infested_stone_bricks":457,"minecraft:warped_planks":234,"minecraft:cyan_stained_glass":668,"minecraft:gray_terracotta":4,"minecraft:piston":540,"minecraft:netherite_block":329,"minecraft:wooden_hoe":12,"minecraft:flower_pot":151,"minecraft:black_wool":14,"minecraft:command_block":82,"minecraft:gray_candle":4,"minecraft:lapis_ore":8,"minecraft:detector_rail":38,"minecraft:jungle_stairs":128,"minecraft:magenta_concrete":1,"minecraft:stone_slab":21,"minecraft:budding_amethyst":7,"minecraft:yellow_wool":713,"minecraft:fire_coral_block":5,"minecraft:crimson_fungus":1,"minecraft:end_crystal":746,"minecraft:cobbled_deepslate_slab":8,"minecraft:cyan_stained_glass_pane":151,"minecraft:lapis_block":175,"minecraft:pink_shulker_box":6,"minecraft:wither_rose":20,"minecraft:sea_pickle":34,"minecraft:gray_wool":562,"minecraft:sculk_catalyst":3,"minecraft:pillager_spawn_egg":2,"minecraft:birch_stairs":979,"minecraft:peony":21,"minecraft:music_disc_far":16,"minecraft:nether_brick_fence":109,"minecraft:ladder":82,"minecraft:dead_horn_coral_block":24,"minecraft:spruce_slab":1142,"minecraft:polished_blackstone":11,"minecraft:elytra":5,"minecraft:chest":2203,"minecraft:brown_concrete":7,"minecraft:white_shulker_box":21,"minecraft:pink_candle":4,"minecraft:skeleton_spawn_egg":4,"minecraft:blue_stained_glass":1,"minecraft:brick_slab":365,"minecraft:jungle_slab":271,"minecraft:allium":5,"minecraft:orange_wool":776,"minecraft:yellow_candle":4,"minecraft:acacia_sapling":3,"minecraft:acacia_button":12,"minecraft:stripped_spruce_log":2704,"minecraft:honey_block":110,"minecraft:netherite_shovel":9,"minecraft:black_stained_glass_pane":499,"minecraft:grass_block":1746,"minecraft:birch_sapling":29,"minecraft:orange_shulker_box":11,"minecraft:polished_andesite_stairs":347,"minecraft:copper_ore":10,"minecraft:wet_sponge":2,"minecraft:music_disc_chirp":22,"minecraft:music_disc_wait":22,"minecraft:dark_oak_button":72,"minecraft:pink_wool":1356,"minecraft:stone_brick_stairs":1643,"minecraft:blue_banner":15,"minecraft:music_disc_stal":12,"minecraft:stripped_mangrove_log":131,"minecraft:exposed_cut_copper_slab":4,"minecraft:red_stained_glass_pane":4,"minecraft:snow":1170,"minecraft:sweet_berries":79,"minecraft:furnace":593,"minecraft:egg":303,"minecraft:potato":3,"minecraft:dragon_head":4,"minecraft:seagrass":1,"minecraft:brown_concrete_powder":3,"minecraft:magenta_shulker_box":9,"minecraft:light_blue_carpet":1,"minecraft:emerald_ore":20,"minecraft:diorite":578,"minecraft:end_stone_bricks":236,"minecraft:brick_wall":93,"minecraft:spruce_door":175,"minecraft:stripped_birch_log":2542,"minecraft:cut_copper_slab":30,"minecraft:red_stained_glass":125,"minecraft:acacia_trapdoor":362,"minecraft:powered_rail":2942,"minecraft:blackstone_stairs":50,"minecraft:orange_tulip":4,"minecraft:lime_concrete_powder":2,"minecraft:jungle_pressure_plate":13,"minecraft:purpur_pillar":111,"minecraft:smooth_quartz_stairs":1464,"minecraft:oak_leaves":1114,"minecraft:respawn_anchor":5,"minecraft:dark_oak_trapdoor":649,"minecraft:purpur_stairs":74,"minecraft:sand":730,"minecraft:waxed_weathered_cut_copper_slab":6,"minecraft:smooth_red_sandstone":59,"minecraft:blue_ice":561,"minecraft:oxidized_cut_copper_slab":36,"minecraft:black_concrete_powder":14,"minecraft:pumpkin_seeds":3,"minecraft:lightning_rod":117,"minecraft:deepslate_tiles":123,"minecraft:chiseled_sandstone":55,"minecraft:crying_obsidian":11,"minecraft:cyan_carpet":95,"minecraft:verdant_froglight":354,"minecraft:stone_button":580,"minecraft:lectern":57,"minecraft:spore_blossom":12,"minecraft:red_terracotta":373,"minecraft:polished_granite":1165,"minecraft:diamond_ore":136,"minecraft:lilac":11,"minecraft:polished_andesite_slab":54,"minecraft:soul_lantern":38,"minecraft:magenta_stained_glass_pane":31,"minecraft:green_candle":4,"minecraft:fire_charge":40,"minecraft:dark_oak_fence":383,"minecraft:bubble_coral_block":5,"minecraft:white_stained_glass":10859,"minecraft:green_concrete_powder":1,"minecraft:pink_stained_glass":124,"minecraft:ice":375,"minecraft:gray_stained_glass":434,"minecraft:iron_bars":1388,"minecraft:acacia_log":3294,"minecraft:red_concrete":361,"minecraft:mycelium":39,"minecraft:stripped_warped_stem":302,"minecraft:sandstone_wall":166,"minecraft:netherrack":72,"minecraft:orange_bed":1,"minecraft:bee_spawn_egg":30,"minecraft:green_glazed_terracotta":3,"minecraft:light_gray_shulker_box":5,"minecraft:dragon_egg":3,"minecraft:anvil":310,"minecraft:warped_wart_block":38,"minecraft:ancient_debris":30,"minecraft:target":35,"minecraft:chorus_flower":2,"minecraft:twisting_vines":10,"minecraft:crimson_hyphae":3,"minecraft:stone_stairs":40,"minecraft:dead_tube_coral":1,"minecraft:nether_brick_slab":25,"minecraft:jungle_trapdoor":15,"minecraft:polished_granite_slab":158,"minecraft:dead_brain_coral_block":4,"minecraft:blue_concrete":151,"minecraft:nether_brick_stairs":347,"minecraft:polished_diorite":119,"minecraft:shroomlight":7,"minecraft:red_shulker_box":6,"minecraft:flowering_azalea":12,"minecraft:cyan_shulker_box":8,"minecraft:rooted_dirt":65,"minecraft:slime_block":871,"minecraft:iron_axe":2,"minecraft:spruce_button":312,"minecraft:brick_stairs":1106,"minecraft:warped_fence":235,"minecraft:chicken_spawn_egg":12,"minecraft:smooth_quartz":1653,"minecraft:totem_of_undying":33,"minecraft:mud_bricks":163,"minecraft:pink_stained_glass_pane":5,"minecraft:melon_seeds":1,"minecraft:waxed_exposed_cut_copper_slab":2,"minecraft:smooth_basalt":57,"minecraft:tripwire_hook":115,"minecraft:purple_concrete":28,"minecraft:glowstone":161,"minecraft:raw_copper_block":11,"minecraft:tall_grass":26,"minecraft:magenta_wool":1,"minecraft:gray_glazed_terracotta":7,"minecraft:iron_trapdoor":2011,"minecraft:oxidized_copper":2,"minecraft:acacia_wood":944,"minecraft:cobbled_deepslate":368,"minecraft:observer":1503,"minecraft:orange_terracotta":4,"minecraft:hanging_roots":22,"minecraft:pointed_dripstone":119,"minecraft:crimson_stem":1,"minecraft:water_bucket":2216,"minecraft:yellow_banner":3,"minecraft:nether_brick_wall":88,"minecraft:mangrove_wood":4,"minecraft:light_blue_glazed_terracotta":15,"minecraft:dirt_path":7,"minecraft:sandstone_stairs":568,"minecraft:prismarine_brick_slab":252,"minecraft:yellow_shulker_box":18,"minecraft:bubble_coral_fan":2,"minecraft:lime_wool":270,"minecraft:cartography_table":26,"minecraft:red_mushroom_block":815,"minecraft:fletching_table":3,"minecraft:polished_blackstone_bricks":474,"minecraft:cracked_stone_bricks":8,"minecraft:gilded_blackstone":5,"minecraft:pink_concrete":539,"minecraft:mossy_cobblestone":27,"minecraft:orange_carpet":19,"minecraft:lime_terracotta":9,"minecraft:comparator":569,"minecraft:vine":174,"minecraft:tnt":300,"minecraft:oak_slab":7488,"minecraft:crafting_table":104,"minecraft:birch_sign":95,"minecraft:dark_oak_fence_gate":362,"minecraft:lime_shulker_box":7,"minecraft:cake":45,"minecraft:deepslate_tile_wall":34,"minecraft:small_amethyst_bud":1,"minecraft:oak_log":2451,"minecraft:mud":17,"minecraft:dark_prismarine":3710,"minecraft:ender_eye":136,"minecraft:cornflower":13,"minecraft:waxed_exposed_cut_copper_stairs":5,"minecraft:oxeye_daisy":1,"minecraft:stripped_jungle_log":34,"minecraft:sunflower":45,"minecraft:cyan_concrete":8,"minecraft:purpur_slab":9,"minecraft:music_disc_blocks":26,"minecraft:crimson_nylium":51,"minecraft:crimson_sign":2,"minecraft:chiseled_stone_bricks":13,"minecraft:cobblestone":468,"minecraft:acacia_pressure_plate":12,"minecraft:red_concrete_powder":1,"minecraft:sandstone_slab":9,"minecraft:glass_pane":27,"minecraft:black_candle":23,"minecraft:end_portal_frame":170,"minecraft:goat_spawn_egg":90,"minecraft:kelp":120,"minecraft:candle":94,"minecraft:sculk_vein":7,"minecraft:brown_mushroom_block":7,"minecraft:jukebox":72,"minecraft:light_blue_stained_glass_pane":22,"minecraft:purple_candle":4,"minecraft:iron_shovel":4,"minecraft:dead_tube_coral_fan":3,"minecraft:diamond_hoe":385,"minecraft:oak_sign":395,"minecraft:mangrove_button":8,"minecraft:white_concrete_powder":1784,"minecraft:white_terracotta":6431,"minecraft:purple_shulker_box":3,"minecraft:zombie_spawn_egg":446,"minecraft:bell":2,"minecraft:vex_spawn_egg":1,"minecraft:player_head":15,"minecraft:smooth_sandstone_stairs":10,"minecraft:oxidized_cut_copper":24,"minecraft:sculk_sensor":13,"minecraft:white_candle":4,"minecraft:debug_stick":572,"minecraft:birch_pressure_plate":17,"minecraft:nether_bricks":550,"minecraft:prismarine_brick_stairs":1400,"minecraft:carrot":151,"minecraft:deepslate_tile_slab":110,"minecraft:tuff":16,"minecraft:music_disc_11":22,"minecraft:cyan_wool":39,"minecraft:axolotl_bucket":2,"minecraft:milk_bucket":7,"minecraft:polished_deepslate_stairs":19,"minecraft:red_sandstone_stairs":1,"minecraft:glass":1194,"minecraft:cyan_terracotta":157,"minecraft:coal_ore":42,"minecraft:quartz_slab":718,"minecraft:packed_mud":14,"minecraft:dark_oak_wood":5,"minecraft:gray_concrete_powder":178,"minecraft:crimson_roots":2,"minecraft:hopper_minecart":252,"minecraft:stone_bricks":4806,"minecraft:slime_spawn_egg":1,"minecraft:bedrock":188,"minecraft:red_carpet":46,"minecraft:repeater":1077,"minecraft:redstone_lamp":759,"minecraft:honeycomb_block":4,"minecraft:magma_block":137,"minecraft:brown_carpet":2,"minecraft:warped_fungus":1,"minecraft:hay_block":154,"minecraft:scaffolding":149,"minecraft:gray_bed":2,"minecraft:beetroot_seeds":3,"minecraft:polished_diorite_stairs":46,"minecraft:fire_coral_fan":5,"minecraft:pearlescent_froglight":3,"minecraft:large_fern":58,"minecraft:polished_blackstone_stairs":4,"minecraft:stripped_spruce_wood":43,"minecraft:chiseled_polished_blackstone":3,"minecraft:dark_oak_stairs":434,"minecraft:waxed_oxidized_cut_copper_slab":113,"minecraft:witch_spawn_egg":183,"minecraft:birch_leaves":20,"minecraft:dark_oak_sign":88,"minecraft:birch_wood":1,"minecraft:ender_pearl":10,"minecraft:redstone_block":1159,"minecraft:end_stone_brick_slab":80,"minecraft:blue_bed":5,"minecraft:large_amethyst_bud":1,"minecraft:brain_coral":1,"minecraft:yellow_terracotta":414,"minecraft:loom":57,"minecraft:black_banner":362,"minecraft:light_gray_terracotta":27,"minecraft:deepslate_redstone_ore":2,"minecraft:sponge":1414,"minecraft:blackstone_wall":325,"minecraft:note_block":417,"minecraft:dripstone_block":118,"minecraft:stone_brick_wall":889,"minecraft:shulker_spawn_egg":88,"minecraft:cobbled_deepslate_stairs":175,"minecraft:exposed_copper":1,"minecraft:redstone_torch":826,"minecraft:green_concrete":2,"minecraft:black_concrete":461,"minecraft:firework_rocket":431,"minecraft:birch_fence_gate":91,"minecraft:gray_shulker_box":5,"minecraft:music_disc_mall":18,"minecraft:light_gray_concrete":1973,"minecraft:heavy_weighted_pressure_plate":122,"minecraft:brown_stained_glass":15,"minecraft:string":140,"minecraft:light_gray_candle":4,"minecraft:gravel":464,"minecraft:blackstone_slab":133,"minecraft:granite_slab":821,"minecraft:jungle_sign":5,"minecraft:smooth_red_sandstone_slab":26,"minecraft:stripped_oak_wood":49,"minecraft:grindstone":9,"minecraft:medium_amethyst_bud":2,"minecraft:crimson_door":1,"minecraft:andesite":780,"minecraft:deepslate_coal_ore":7,"minecraft:chest_minecart":26,"minecraft:white_concrete":12077,"minecraft:tropical_fish_bucket":97,"minecraft:warped_button":2,"minecraft:cobweb":26,"minecraft:experience_bottle":339,"minecraft:azalea":2,"minecraft:oak_fence":93,"minecraft:purpur_block":140,"minecraft:trident":55,"minecraft:jungle_leaves":62,"minecraft:trader_llama_spawn_egg":10,"minecraft:cracked_deepslate_bricks":4,"minecraft:redstone_ore":13,"minecraft:stone_shovel":1,"minecraft:light_blue_terracotta":316,"minecraft:spruce_planks":3471,"minecraft:sculk":14,"minecraft:wooden_shovel":5,"minecraft:cut_copper_stairs":4,"minecraft:oak_door":26,"minecraft:end_stone_brick_wall":2,"minecraft:spyglass":163,"minecraft:white_carpet":2711,"minecraft:hopper":1417,"minecraft:spruce_stairs":4276,"minecraft:cobblestone_wall":1212,"minecraft:warped_door":1,"minecraft:shulker_box":49,"minecraft:raw_iron_block":11,"minecraft:pink_carpet":11,"minecraft:granite":882,"minecraft:light_blue_stained_glass":29,"minecraft:andesite_wall":444,"minecraft:birch_door":72,"minecraft:purple_banner":2,"minecraft:purple_stained_glass_pane":9,"minecraft:stone_brick_slab":326,"minecraft:ravager_spawn_egg":2,"minecraft:dark_oak_planks":245,"minecraft:red_tulip":15,"minecraft:bookshelf":515,"minecraft:yellow_stained_glass":463,"minecraft:acacia_slab":130,"minecraft:red_candle":8,"minecraft:polished_blackstone_brick_stairs":37,"minecraft:crimson_planks":585,"minecraft:magma_cube_spawn_egg":1,"minecraft:light_gray_wool":14,"minecraft:emerald_block":77,"minecraft:wolf_spawn_egg":15,"minecraft:white_stained_glass_pane":3124,"minecraft:drowned_spawn_egg":3,"minecraft:infested_cobblestone":5,"minecraft:granite_wall":29,"minecraft:horn_coral_block":7,"minecraft:stone_pressure_plate":73,"minecraft:zombified_piglin_spawn_egg":4,"minecraft:brown_candle":7,"minecraft:brain_coral_block":6,"minecraft:acacia_boat":3,"minecraft:amethyst_block":75,"minecraft:iron_ore":10,"minecraft:pink_tulip":4,"minecraft:glass_bottle":346,"minecraft:cyan_candle":28,"minecraft:polished_andesite":4488,"minecraft:mud_brick_slab":41,"minecraft:blue_wool":107,"minecraft:andesite_slab":391,"minecraft:copper_block":2,"minecraft:black_shulker_box":6,"minecraft:magenta_stained_glass":27,"minecraft:beacon":102,"minecraft:stonecutter":17,"minecraft:red_glazed_terracotta":36,"minecraft:chiseled_nether_bricks":2,"minecraft:cobblestone_slab":31,"minecraft:glow_item_frame":2,"minecraft:polished_blackstone_pressure_plate":2,"minecraft:mangrove_trapdoor":21,"minecraft:terracotta":171,"minecraft:stripped_dark_oak_log":1427,"minecraft:dead_fire_coral_block":3,"minecraft:yellow_stained_glass_pane":1,"minecraft:light_gray_concrete_powder":177,"minecraft:painting":1223,"minecraft:smooth_red_sandstone_stairs":17,"minecraft:smoker":5,"minecraft:dark_oak_door":68,"minecraft:nether_gold_ore":7,"minecraft:purple_stained_glass":14,"minecraft:acacia_stairs":153,"minecraft:activator_rail":157,"minecraft:cracked_polished_blackstone_bricks":1,"minecraft:map":1,"minecraft:cracked_nether_bricks":6,"minecraft:acacia_fence_gate":14,"minecraft:fishing_rod":3,"minecraft:green_shulker_box":5,"minecraft:cod_spawn_egg":2,"minecraft:mud_brick_wall":3,"minecraft:white_banner":4,"minecraft:jungle_door":22,"minecraft:red_banner":256,"minecraft:bucket":269,"minecraft:magenta_glazed_terracotta":255,"minecraft:polished_blackstone_button":195,"minecraft:purple_carpet":18,"minecraft:smooth_stone":431,"minecraft:splash_potion":475,"minecraft:soul_torch":11,"minecraft:lime_candle":4},"minecraft:mined":{"minecraft:tripwire":1,"minecraft:orange_bed":1,"minecraft:note_block":8,"minecraft:melon":19,"minecraft:white_stained_glass_pane":1,"minecraft:magenta_bed":4,"minecraft:white_concrete_powder":2,"minecraft:rail":1,"minecraft:stone_bricks":5,"minecraft:white_concrete":21,"minecraft:powered_rail":68,"minecraft:oak_log":9,"minecraft:dirt":25,"minecraft:stone_button":2,"minecraft:oak_fence":1,"minecraft:bee_nest":1,"minecraft:obsidian":7,"minecraft:sticky_piston":3,"minecraft:iron_block":5,"minecraft:red_bed":1,"minecraft:glass":1,"minecraft:red_mushroom_block":1,"minecraft:bamboo":1,"minecraft:grass_block":3,"minecraft:slime_block":339,"minecraft:diamond_ore":57,"minecraft:white_stained_glass":2,"minecraft:stone":5,"minecraft:crafting_table":1,"minecraft:blue_bed":2,"minecraft:green_shulker_box":1,"minecraft:end_rod":81},"minecraft:killed":{"minecraft:guardian":4,"minecraft:parrot":2,"minecraft:iron_golem":1,"minecraft:pillager":5946,"minecraft:zombie":41,"minecraft:evoker":948,"minecraft:vindicator":4338,"minecraft:endermite":997,"minecraft:snow_golem":24,"minecraft:husk":1,"minecraft:witch":1500,"minecraft:spider":3,"minecraft:axolotl":1,"minecraft:zombie_villager":6,"minecraft:sheep":9,"minecraft:trader_llama":4,"minecraft:slime":61,"minecraft:drowned":585,"minecraft:squid":1,"minecraft:wither_skeleton":697,"minecraft:villager":132,"minecraft:shulker":34,"minecraft:skeleton":409,"minecraft:chicken":17,"minecraft:cow":10,"minecraft:horse":5,"minecraft:wandering_trader":2,"minecraft:wolf":2,"minecraft:pig":15,"minecraft:creeper":407,"minecraft:phantom":1,"minecraft:bat":10}},"DataVersion":3105}